time,date,exp,flux1,flux2,flux3,flux4,err1,err2,err3,err4
59958.31,2023-01-14,fm3013,,0.374,0.384,0.367,,0.014,0.014,0.013
59976.26,2023-02-01,fm3031,,0.388,0.377,0.363,,0.014,0.013,0.013
60079.08,2023-05-15,fm3134,,,0.428,0.388,,,0.015,0.014
60093.04,2023-05-29,fm3148,,,0.425,0.398,,,0.019,0.015
60126.89,2023-07-01,fm3182,,0.487,0.468,0.44,,0.019,0.016,0.015
60139.81,2023-07-14,fm3195,,,0.488,0.464,,,0.016,0.016
60237.54,2023-10-20,fm3293,,0.508,0.514,0.474,,0.018,0.016,0.016
60250.54,2023-11-02,fm3306,,0.52,0.534,0.48,,0.018,0.017,0.016
60320.56,2024-01-11,fm4011,,,0.466,0.434,,,0.016,0.014
60464.92,2024-06-03,fm4155,,0.483,0.487,0.459,,0.016,0.016,0.015
60621.33,2024-11-07,fm4312,,,0.581,0.574,,,0.021,0.018
60649.15,2024-12-05,fm4340,,0.583,0.624,0.62,,0.025,0.02,0.022
60650.35,2024-12-06,fm4341,,0.598,0.594,0.579,,0.019,0.019,0.019
60702.05,2025-01-27,fm5027,0.621,0.616,0.643,0.631,0.023,0.023,0.022,0.02
60729.19,2025-02-23,fm5053,,0.687,0.689,0.688,,0.022,0.021,0.022
60763.11,2025-03-29,fm5087,,0.682,0.677,0.63,,0.021,0.021,0.019
60789.13,2025-04-24,fm5114,0.706,0.693,0.677,0.614,0.024,0.021,0.021,0.019
60814.03,2025-05-19,fm5139,,0.682,0.674,0.608,,0.023,0.021,0.019
60850.77,2025-06-24,vo5176,,0.697,,0.603,,0.023,,0.019
60858.84,2025-07-02,fm5183,,0.693,0.678,0.615,,0.022,0.021,0.02
60872.82,2025-07-16,fm5197,,0.681,,0.601,,0.021,,0.019
60939.63,2025-09-21,fm5264,,0.673,0.67,0.588,,0.025,0.021,0.021
60955.52,2025-10-07,vo5281,,0.674,0.662,0.567,,0.023,0.023,0.018
60981.2,2025-11-02,fm5306,,0.617,0.605,0.521,,0.02,0.02,0.016
61006.43,2025-11-27,fm5331,,0.587,0.559,0.527,,0.019,0.019,0.018
61027.62,2025-12-18,fm5352,0.616,0.57,0.559,0.511,0.024,0.019,0.017,0.016
61069.26,2026-01-29,fm6029,,0.513,0.501,0.457,,0.016,0.016,0.015
61095.19,2026-02-24,fm6054,,0.512,0.507,0.463,,0.016,0.016,0.015
61106.16,2026-03-07,fm6066,,0.513,0.469,0.445,,0.017,0.02,0.014
61132.11,2026-04-02,fm6092,0.64,0.518,0.495,0.474,0.026,0.02,0.017,0.015
61159.78,2026-04-29,fm6120,,0.524,0.513,0.468,,0.017,0.016,0.015
61187.73,2026-05-27,fm6148,,0.512,0.503,0.466,,0.018,0.016,0.015
61226.83,2026-07-05,fm6186,,0.48,0.483,0.45,,0.016,0.015,0.014
61254.76,2026-08-02,fm6214,,0.494,0.49,0.454,,0.016,0.015,0.015
61289.72,2026-09-06,fm6249,,0.51,0.5,0.45,,0.017,0.016,0.016
